candidate_id	candidate_type	scope	active_file	render_kind	render_path	amount_usd	source_rows	count_semantics	source_url	source_basis	repository_row_evidence	current_exact_locations	history_exact_locations
001	large_leaf	Michigan	data/state-mi/archive-state-source/state-mi-health-and-human-services.json	base row	Official archive › Health and Human Services › Health and Human Services › Health and Human Services · Contractual Services, Supplies, and Materials · External Purchased Services	27445007099.46	373872	source_records	https://sigmai.michigan.gov/EI360TransparencyApp/jsp/bulkCheckbookDownload	Official source linked in the active dataset	sourceRows_count_only	none	none
002	large_leaf	Michigan	data/state-mi/archive-state-source/state-mi-health-and-human-services.json	base row	Census adjustments › Official archive · Health and Human Services › Health and Human Services › Health and Human Services · Contractual Services, Supplies, and Materials · External Purchased Services	27445007099.46	373872	source_records	https://sigmai.michigan.gov/EI360TransparencyApp/jsp/bulkCheckbookDownload	Official source linked in the active dataset	sourceRows_count_only	none	none
003	large_leaf	Michigan	data/state-mi/archive-state-source/state-mi-education.json	base row	Official archive › Education › Education › Education · Payments to Local Units, Individuals, and Private Groups · Payments to Local Units	20051716323.86	21406	source_records	https://sigmai.michigan.gov/EI360TransparencyApp/jsp/bulkCheckbookDownload	Official source linked in the active dataset	sourceRows_count_only	none	none
004	large_leaf	Michigan	data/state-mi/archive-state-source/state-mi-education.json	base row	Census adjustments › Official archive · Education › Education › Education · Payments to Local Units, Individuals, and Private Groups · Payments to Local Units	20051716323.86	21406	source_records	https://sigmai.michigan.gov/EI360TransparencyApp/jsp/bulkCheckbookDownload	Official source linked in the active dataset	sourceRows_count_only	none	none
005	large_leaf	New Jersey	data/state-nj/archive-state-source/state-nj-human-services.json	base row	Official archive › HUMAN SERVICES › HUMAN SERVICES › SPECIAL HEALTH SERVICES · Receiver [individual recipient omitted]	18670126290.78	630	source_records	https://data.nj.gov/Government-Finance/YourMoney-Agency-Expenditures/apet-rp2i	Official FY2024 Agency Expenditures dataset; pie amount uses expended, with obligations retained as a separate row measure.	sourceRows_count_only	none	none
006	large_leaf	New Jersey	data/state-nj/archive-state-source/state-nj-human-services.json	base row	Census adjustments › Official archive · HUMAN SERVICES › HUMAN SERVICES › SPECIAL HEALTH SERVICES · Receiver [individual recipient omitted]	18670126290.78	630	source_records	https://data.nj.gov/Government-Finance/YourMoney-Agency-Expenditures/apet-rp2i	Official FY2024 Agency Expenditures dataset; pie amount uses expended, with obligations retained as a separate row measure.	sourceRows_count_only	none	none
007	large_leaf	North Carolina	data/state-nc/archive-state-source/state-nc-department-of-heath-and-human-services.json	base row	Official archive › Department of Heath and Human Services › Department of Heath and Human Services › Department of Heath and Human Services · Aid And Public Assistance	31204021286.92	1017	source_records	https://www.nc.gov/nc-budget-data-fy2024-49-mb/download?attachment=	Official source linked in the active dataset	sourceRows_count_only	none	none
008	large_leaf	North Carolina	data/state-nc/archive-state-source/state-nc-department-of-heath-and-human-services.json	base row	Census adjustments › Official archive · Department of Heath and Human Services › Department of Heath and Human Services › Department of Heath and Human Services · Aid And Public Assistance	31204021286.92	1017	source_records	https://www.nc.gov/nc-budget-data-fy2024-49-mb/download?attachment=	Official source linked in the active dataset	sourceRows_count_only	none	none
009	large_leaf	North Carolina	data/state-nc/archive-state-source/state-nc-department-of-public-instruction.json	base row	Official archive › Department of Public Instruction › Department of Public Instruction › Department of Public Instruction · Aid And Public Assistance	15336437487	128	source_records	https://www.nc.gov/nc-budget-data-fy2024-49-mb/download?attachment=	Official source linked in the active dataset	sourceRows_count_only	none	none
010	large_leaf	North Carolina	data/state-nc/archive-state-source/state-nc-department-of-public-instruction.json	base row	Census adjustments › Official archive · Department of Public Instruction › Department of Public Instruction › Department of Public Instruction · Aid And Public Assistance	15336437487	128	source_records	https://www.nc.gov/nc-budget-data-fy2024-49-mb/download?attachment=	Official source linked in the active dataset	sourceRows_count_only	none	none
011	large_leaf	Ohio	data/state-oh/archive-state-source/state-oh-department-of-medicaid.json	base row	Official archive › Department of Medicaid › Department of Medicaid › Department of Medicaid · Federal · Cabinet	11539881914.88	4	source_records	https://checkbook.ohio.gov/State/Expenses/Agency.aspx	Official source linked in the active dataset	sourceRows_count_only	none	none
012	large_leaf	Ohio	data/state-oh/archive-state-source/state-oh-department-of-medicaid.json	base row	Census adjustments › Official archive · Department of Medicaid › Department of Medicaid › Department of Medicaid · Federal · Cabinet	11539881914.88	4	source_records	https://checkbook.ohio.gov/State/Expenses/Agency.aspx	Official source linked in the active dataset	sourceRows_count_only	none	none
013	large_leaf	United States	data/federal/federal-mts-agency-social-security-administration.json	account cross-check	Social Security Administration › Treasury account cross-checks › 028-8006-000 › Federal Old-Age and Survivors Insurance Trust Fund - Treasury Managed, Social Security Administration	1304381049302.06	2	periods_of_availability	https://fiscal.treasury.gov/system/files/files/reports-statements/combined-statement/cs2024/c53.xlsx	Exact Combined Statement net outlays by appropriation or fund account. This is a research cross-section of the same department, not another amount to add to MTS classification rows.	current_exact_rows	data/federal/federal-mts-agency-social-security-administration.json.sourceBreakdowns[0].rows	none
014	large_leaf	United States	data/federal/federal-mts-agency-department-of-health-and-human-services.json	account cross-check	Department of Health and Human Services › Treasury account cross-checks › 075-0512-000 › Grants to States for Medicaid, Centers for Medicare and Medicaid Services, Health and Human Services	617517206318.9	2	periods_of_availability	https://fiscal.treasury.gov/system/files/files/reports-statements/combined-statement/cs2024/c16.xlsx	Exact Combined Statement net outlays by appropriation or fund account. This is a research cross-section of the same department, not another amount to add to MTS classification rows.	current_exact_rows	data/federal/federal-mts-agency-department-of-health-and-human-services.json.sourceBreakdowns[14].rows	none
015	large_leaf	United States	data/federal/federal-mts-agency-department-of-health-and-human-services.json	account cross-check	Department of Health and Human Services › Treasury account cross-checks › 075-8004-000 › Federal Supplementary Medical Insurance Trust Fund-Treasury Managed, Health and Human Services	525704077286.5	2	periods_of_availability	https://fiscal.treasury.gov/system/files/files/reports-statements/combined-statement/cs2024/c16.xlsx	Exact Combined Statement net outlays by appropriation or fund account. This is a research cross-section of the same department, not another amount to add to MTS classification rows.	current_exact_rows	data/federal/federal-mts-agency-department-of-health-and-human-services.json.sourceBreakdowns[15].rows	none
016	large_leaf	United States	data/federal/federal-mts-agency-department-of-health-and-human-services.json	account cross-check	Department of Health and Human Services › Treasury account cross-checks › 075-0580-000 › Payments to Healthcare Trust Funds, Center for Medicare and Medicaid Services, Health and Human Services	479475394016.22	6	periods_of_availability	https://fiscal.treasury.gov/system/files/files/reports-statements/combined-statement/cs2024/c16.xlsx	Exact Combined Statement net outlays by appropriation or fund account. This is a research cross-section of the same department, not another amount to add to MTS classification rows.	current_exact_rows	data/federal/federal-mts-agency-department-of-health-and-human-services.json.sourceBreakdowns[16].rows	none
017	large_leaf	United States	data/federal/federal-mts-agency-department-of-health-and-human-services.json	account cross-check	Department of Health and Human Services › Treasury account cross-checks › 075-8005-000 › Federal Hospital Insurance Trust Fund - Treasury Managed, Health and Human Services	407377908783.76	2	periods_of_availability	https://fiscal.treasury.gov/system/files/files/reports-statements/combined-statement/cs2024/c16.xlsx	Exact Combined Statement net outlays by appropriation or fund account. This is a research cross-section of the same department, not another amount to add to MTS classification rows.	current_exact_rows	data/federal/federal-mts-agency-department-of-health-and-human-services.json.sourceBreakdowns[17].rows	none
018	large_leaf	United States	data/federal/federal-mts-agency-department-of-veterans-affairs.json	account cross-check	Department of Veterans Affairs › Treasury account cross-checks › 036-0102-000 › Compensation and Pensions, Veterans Benefits Administration, Veterans Affairs	161231617435.7	2	periods_of_availability	https://fiscal.treasury.gov/system/files/files/reports-statements/combined-statement/cs2024/c42.xlsx	Exact Combined Statement net outlays by appropriation or fund account. This is a research cross-section of the same department, not another amount to add to MTS classification rows.	current_exact_rows	data/federal/federal-mts-agency-department-of-veterans-affairs.json.sourceBreakdowns[12].rows	none
019	large_leaf	United States	data/federal/federal-mts-agency-social-security-administration.json	account cross-check	Social Security Administration › Treasury account cross-checks › 028-8007-000 › Federal Disability Insurance Trust Fund - Treasury Managed, Social Security Administration	156511062198.96	2	periods_of_availability	https://fiscal.treasury.gov/system/files/files/reports-statements/combined-statement/cs2024/c53.xlsx	Exact Combined Statement net outlays by appropriation or fund account. This is a research cross-section of the same department, not another amount to add to MTS classification rows.	current_exact_rows	data/federal/federal-mts-agency-social-security-administration.json.sourceBreakdowns[1].rows	none
020	large_leaf	United States	data/federal/federal-mts-agency-department-of-the-treasury.json	account cross-check	Department of the Treasury › Treasury account cross-checks › 020-0949-000 › Refundable Premium Assistance Tax Credit, Internal Revenue Service, Treasury	110195256028.13	2	periods_of_availability	https://fiscal.treasury.gov/system/files/files/reports-statements/combined-statement/cs2024/c40.xlsx	Exact Combined Statement net outlays by appropriation or fund account. This is a research cross-section of the same department, not another amount to add to MTS classification rows.	current_exact_rows	data/federal/federal-mts-agency-department-of-the-treasury.json.sourceBreakdowns[9].rows	none
021	large_leaf	United States	data/federal/federal-mts-agency-department-of-education.json	account cross-check	Department of Education › Treasury account cross-checks › 091-0243-000 › Federal Direct Student Loan Program,  Education	110176072447	7	periods_of_availability	https://fiscal.treasury.gov/system/files/files/reports-statements/combined-statement/cs2024/c14.xlsx	Exact Combined Statement net outlays by appropriation or fund account. This is a research cross-section of the same department, not another amount to add to MTS classification rows.	sourceRows_count_only	none	none
022	large_leaf	United States	data/federal/federal-mts-agency-department-of-agriculture.json	account cross-check	Department of Agriculture › Treasury account cross-checks › 012-3505-000 › Supplemental Nutrition Assistance Program, Food and Nutrition Service, Agriculture	106754491269.41	23	periods_of_availability	https://fiscal.treasury.gov/system/files/files/reports-statements/combined-statement/cs2024/c07.xlsx	Exact Combined Statement net outlays by appropriation or fund account. This is a research cross-section of the same department, not another amount to add to MTS classification rows.	sourceRows_count_only	none	none
023	large_leaf	United States	data/federal/federal-mts-agency-department-of-veterans-affairs.json	account cross-check	Department of Veterans Affairs › Treasury account cross-checks › 036-0160-000 › Medical Services, Veterans Health Administration, Veterans Affairs	70484555946.27	14	periods_of_availability	https://fiscal.treasury.gov/system/files/files/reports-statements/combined-statement/cs2024/c42.xlsx	Exact Combined Statement net outlays by appropriation or fund account. This is a research cross-section of the same department, not another amount to add to MTS classification rows.	sourceRows_count_only	none	none
024	large_leaf	United States	data/federal/federal-mts-agency-department-of-defense-military-programs.json	account cross-check	Department of Defense--Military Programs › Treasury account cross-checks › 017-1804-000 › Operation and Maintenance, Navy	70027303162.41	12	periods_of_availability	https://fiscal.treasury.gov/system/files/files/reports-statements/combined-statement/cs2024/c13.xlsx	Exact Combined Statement net outlays by appropriation or fund account. This is a research cross-section of the same department, not another amount to add to MTS classification rows.	current_exact_rows	data/federal/federal-mts-agency-department-of-defense-military-programs.json.sourceBreakdowns[18].rows	none
025	large_leaf	United States	data/federal/federal-mts-agency-department-of-defense-military-programs.json	account cross-check	Department of Defense--Military Programs › Treasury account cross-checks › 021-2020-000 › Operation and Maintenance, Army	61982259272.41	16	periods_of_availability	https://fiscal.treasury.gov/system/files/files/reports-statements/combined-statement/cs2024/c13.xlsx	Exact Combined Statement net outlays by appropriation or fund account. This is a research cross-section of the same department, not another amount to add to MTS classification rows.	sourceRows_count_only	none	none
026	large_leaf	United States	data/federal/federal-mts-agency-social-security-administration.json	account cross-check	Social Security Administration › Treasury account cross-checks › 028-0406-000 › Supplemental Security Income Program, Social Security Administration	61930581636.68	9	periods_of_availability	https://fiscal.treasury.gov/system/files/files/reports-statements/combined-statement/cs2024/c53.xlsx	Exact Combined Statement net outlays by appropriation or fund account. This is a research cross-section of the same department, not another amount to add to MTS classification rows.	current_exact_rows	data/federal/federal-mts-agency-social-security-administration.json.sourceBreakdowns[2].rows	none
027	large_leaf	United States	data/federal/federal-mts-agency-department-of-defense-military-programs.json	account cross-check	Department of Defense--Military Programs › Treasury account cross-checks › 057-3400-000 › Operation and Maintenance, Air Force	61627477284.71	21	periods_of_availability	https://fiscal.treasury.gov/system/files/files/reports-statements/combined-statement/cs2024/c13.xlsx	Exact Combined Statement net outlays by appropriation or fund account. This is a research cross-section of the same department, not another amount to add to MTS classification rows.	sourceRows_count_only	none	none
028	large_leaf	United States	data/federal/federal-mts-agency-department-of-defense-military-programs.json	account cross-check	Department of Defense--Military Programs › Treasury account cross-checks › 097-0100-000 › Operation and Maintenance, Defense-Wide, Defense	58965266099.28	18	periods_of_availability	https://fiscal.treasury.gov/system/files/files/reports-statements/combined-statement/cs2024/c13.xlsx	Exact Combined Statement net outlays by appropriation or fund account. This is a research cross-section of the same department, not another amount to add to MTS classification rows.	sourceRows_count_only	none	none
029	large_leaf	United States	data/federal/federal-mts-agency-department-of-education.json	account cross-check	Department of Education › Treasury account cross-checks › 091-0251-000 › Education Stabilization Fund, Department of Education	55516156490.37	3	periods_of_availability	https://fiscal.treasury.gov/system/files/files/reports-statements/combined-statement/cs2024/c14.xlsx	Exact Combined Statement net outlays by appropriation or fund account. This is a research cross-section of the same department, not another amount to add to MTS classification rows.	current_exact_rows	data/federal/federal-mts-agency-department-of-education.json.sourceBreakdowns[8].rows	none
030	large_leaf	United States	data/federal/federal-mts-agency-social-security-administration.json	account cross-check	Social Security Administration › Treasury account cross-checks › 028-0404-000 › Payments to Social Security Trust Funds, Social Security Administration	53767762501.09	7	periods_of_availability	https://fiscal.treasury.gov/system/files/files/reports-statements/combined-statement/cs2024/c53.xlsx	Exact Combined Statement net outlays by appropriation or fund account. This is a research cross-section of the same department, not another amount to add to MTS classification rows.	sourceRows_count_only	none	none
031	large_leaf	United States	data/federal/federal-mts-agency-department-of-transportation.json	account cross-check	Department of Transportation › Treasury account cross-checks › 069-8083-000 › Federal-Aid Highways, Liquidation of Contract Authorization, Federal Highway Administration, Transportation	53665888798.13	32	periods_of_availability	https://fiscal.treasury.gov/system/files/files/reports-statements/combined-statement/cs2024/c37.xlsx	Exact Combined Statement net outlays by appropriation or fund account. This is a research cross-section of the same department, not another amount to add to MTS classification rows.	sourceRows_count_only	none	none
032	large_leaf	United States	data/federal/federal-mts-agency-department-of-defense-military-programs.json	account cross-check	Department of Defense--Military Programs › Treasury account cross-checks › 021-2010-000 › Military Personnel, Army	50046721236.53	8	periods_of_availability	https://fiscal.treasury.gov/system/files/files/reports-statements/combined-statement/cs2024/c13.xlsx	Exact Combined Statement net outlays by appropriation or fund account. This is a research cross-section of the same department, not another amount to add to MTS classification rows.	current_exact_rows	data/federal/federal-mts-agency-department-of-defense-military-programs.json.sourceBreakdowns[22].rows	none
033	large_leaf	United States	data/federal/federal-mts-agency-department-of-defense-military-programs.json	account cross-check	Department of Defense--Military Programs › Treasury account cross-checks › 057-3600-000 › Research, Development, Test, and Evaluation, Air Force	45377619492.27	15	periods_of_availability	https://fiscal.treasury.gov/system/files/files/reports-statements/combined-statement/cs2024/c13.xlsx	Exact Combined Statement net outlays by appropriation or fund account. This is a research cross-section of the same department, not another amount to add to MTS classification rows.	current_exact_rows	data/federal/federal-mts-agency-department-of-defense-military-programs.json.sourceBreakdowns[23].rows	none
034	large_leaf	United States	data/federal/federal-mts-agency-department-of-defense-military-programs.json	account cross-check	Department of Defense--Military Programs › Treasury account cross-checks › 097-0130-000 › Defense Health Program, Defense	38897159791.89	22	periods_of_availability	https://fiscal.treasury.gov/system/files/files/reports-statements/combined-statement/cs2024/c13.xlsx	Exact Combined Statement net outlays by appropriation or fund account. This is a research cross-section of the same department, not another amount to add to MTS classification rows.	current_exact_rows	data/federal/federal-mts-agency-department-of-defense-military-programs.json.sourceBreakdowns[24].rows	none
035	large_leaf	United States	data/federal/federal-mts-agency-department-of-defense-military-programs.json	account cross-check	Department of Defense--Military Programs › Treasury account cross-checks › 017-1453-000 › Military Personnel, Navy	35853625104.53	7	periods_of_availability	https://fiscal.treasury.gov/system/files/files/reports-statements/combined-statement/cs2024/c13.xlsx	Exact Combined Statement net outlays by appropriation or fund account. This is a research cross-section of the same department, not another amount to add to MTS classification rows.	current_exact_rows	data/federal/federal-mts-agency-department-of-defense-military-programs.json.sourceBreakdowns[25].rows	none
036	large_leaf	United States	data/federal/federal-mts-agency-department-of-education.json	account cross-check	Department of Education › Treasury account cross-checks › 091-0200-000 › Student Financial Assistance, Education	34719720382.1	7	periods_of_availability	https://fiscal.treasury.gov/system/files/files/reports-statements/combined-statement/cs2024/c14.xlsx	Exact Combined Statement net outlays by appropriation or fund account. This is a research cross-section of the same department, not another amount to add to MTS classification rows.	current_exact_rows	data/federal/federal-mts-agency-department-of-education.json.sourceBreakdowns[9].rows	none
037	large_leaf	United States	data/federal/federal-mts-agency-department-of-defense-military-programs.json	account cross-check	Department of Defense--Military Programs › Treasury account cross-checks › 097-0400-000 › Research, Development, Test, and Evaluation, Defense-Wide	34502039100.63	14	periods_of_availability	https://fiscal.treasury.gov/system/files/files/reports-statements/combined-statement/cs2024/c13.xlsx	Exact Combined Statement net outlays by appropriation or fund account. This is a research cross-section of the same department, not another amount to add to MTS classification rows.	current_exact_rows	data/federal/federal-mts-agency-department-of-defense-military-programs.json.sourceBreakdowns[26].rows	none
038	large_leaf	United States	data/federal/federal-mts-agency-department-of-defense-military-programs.json	account cross-check	Department of Defense--Military Programs › Treasury account cross-checks › 057-3500-000 › Military Personnel, Air Force	34354315591.53	8	periods_of_availability	https://fiscal.treasury.gov/system/files/files/reports-statements/combined-statement/cs2024/c13.xlsx	Exact Combined Statement net outlays by appropriation or fund account. This is a research cross-section of the same department, not another amount to add to MTS classification rows.	current_exact_rows	data/federal/federal-mts-agency-department-of-defense-military-programs.json.sourceBreakdowns[27].rows	none
039	large_leaf	United States	data/federal/federal-mts-agency-small-business-administration.json	account cross-check	Small Business Administration › Treasury account cross-checks › 073-1152-000 › Disaster Loans Program Account, Small Business Administration	34146134847.27	2	periods_of_availability	https://fiscal.treasury.gov/system/files/files/reports-statements/combined-statement/cs2024/c51.xlsx	Exact Combined Statement net outlays by appropriation or fund account. This is a research cross-section of the same department, not another amount to add to MTS classification rows.	current_exact_rows	data/federal/federal-mts-agency-small-business-administration.json.sourceBreakdowns[3].rows	none
040	large_leaf	United States	data/federal/federal-mts-agency-department-of-housing-and-urban-development.json	account cross-check	Department of Housing and Urban Development › Treasury account cross-checks › 086-0302-000 › Tenant-Based Rental Assistance, Public and Indian Housing, Housing and Urban Development	33975619395.46	14	periods_of_availability	https://fiscal.treasury.gov/system/files/files/reports-statements/combined-statement/cs2024/c19.xlsx	Exact Combined Statement net outlays by appropriation or fund account. This is a research cross-section of the same department, not another amount to add to MTS classification rows.	sourceRows_count_only	none	none
041	large_leaf	United States	data/federal/federal-mts-agency-department-of-defense-military-programs.json	account cross-check	Department of Defense--Military Programs › Treasury account cross-checks › 057-3080-000 › Other Procurement, Air Force	32810900669.9	10	periods_of_availability	https://fiscal.treasury.gov/system/files/files/reports-statements/combined-statement/cs2024/c13.xlsx	Exact Combined Statement net outlays by appropriation or fund account. This is a research cross-section of the same department, not another amount to add to MTS classification rows.	current_exact_rows	data/federal/federal-mts-agency-department-of-defense-military-programs.json.sourceBreakdowns[28].rows	none
042	large_leaf	United States	data/federal/federal-mts-agency-department-of-agriculture.json	account cross-check	Department of Agriculture › Treasury account cross-checks › 012-3539-000 › Child Nutrition Programs, Food and Nutrition Service, Agriculture	32732684349.3	11	periods_of_availability	https://fiscal.treasury.gov/system/files/files/reports-statements/combined-statement/cs2024/c07.xlsx	Exact Combined Statement net outlays by appropriation or fund account. This is a research cross-section of the same department, not another amount to add to MTS classification rows.	current_exact_rows	data/federal/federal-mts-agency-department-of-agriculture.json.sourceBreakdowns[2].rows	none
043	large_leaf	United States	data/federal/federal-mts-agency-department-of-veterans-affairs.json	account cross-check	Department of Veterans Affairs › Treasury account cross-checks › 036-0140-000 › Medical Community Care, Veterans Health Administration, Veterans Affairs	31389012771.75	15	periods_of_availability	https://fiscal.treasury.gov/system/files/files/reports-statements/combined-statement/cs2024/c42.xlsx	Exact Combined Statement net outlays by appropriation or fund account. This is a research cross-section of the same department, not another amount to add to MTS classification rows.	current_exact_rows	data/federal/federal-mts-agency-department-of-veterans-affairs.json.sourceBreakdowns[14].rows	none
044	large_leaf	United States	data/federal/federal-mts-agency-department-of-homeland-security.json	account cross-check	Department of Homeland Security › Treasury account cross-checks › 070-0702-000 › Disaster Relief Fund, Federal Emergency Management Agency, Homeland Security	29498413486.08	8	periods_of_availability	https://fiscal.treasury.gov/system/files/files/reports-statements/combined-statement/cs2024/c18.xlsx	Exact Combined Statement net outlays by appropriation or fund account. This is a research cross-section of the same department, not another amount to add to MTS classification rows.	sourceRows_count_only	none	none
045	large_leaf	United States	data/federal/federal-mts-agency-department-of-defense-military-programs.json	account cross-check	Department of Defense--Military Programs › Treasury account cross-checks › 017-1319-000 › Research, Development, Test, and Evaluation, Navy	26548439375.36	15	periods_of_availability	https://fiscal.treasury.gov/system/files/files/reports-statements/combined-statement/cs2024/c13.xlsx	Exact Combined Statement net outlays by appropriation or fund account. This is a research cross-section of the same department, not another amount to add to MTS classification rows.	sourceRows_count_only	none	none
046	large_leaf	United States	data/federal/federal-mts-agency-department-of-defense-military-programs.json	account cross-check	Department of Defense--Military Programs › Treasury account cross-checks › 017-1611-000 › Shipbuilding and Conversion, Navy	19574019672.93	26	periods_of_availability	https://fiscal.treasury.gov/system/files/files/reports-statements/combined-statement/cs2024/c13.xlsx	Exact Combined Statement net outlays by appropriation or fund account. This is a research cross-section of the same department, not another amount to add to MTS classification rows.	sourceRows_count_only	none	none
047	large_leaf	United States	data/federal/federal-mts-agency-department-of-veterans-affairs.json	account cross-check	Department of Veterans Affairs › Treasury account cross-checks › 036-1126-000 › Cost of War Toxic Exposures Fund, Departmental Administration, Veterans Affairs	19456685344.86	3	periods_of_availability	https://fiscal.treasury.gov/system/files/files/reports-statements/combined-statement/cs2024/c42.xlsx	Exact Combined Statement net outlays by appropriation or fund account. This is a research cross-section of the same department, not another amount to add to MTS classification rows.	current_exact_rows	data/federal/federal-mts-agency-department-of-veterans-affairs.json.sourceBreakdowns[15].rows	none
048	large_leaf	United States	data/federal/federal-mts-agency-department-of-health-and-human-services.json	account cross-check	Department of Health and Human Services › Treasury account cross-checks › 075-0515-000 › State Children's Health Insurance Fund, Centers for Medicare and Medicaid Services, Health and Human Services	19448776714.6	7	periods_of_availability	https://fiscal.treasury.gov/system/files/files/reports-statements/combined-statement/cs2024/c16.xlsx	Exact Combined Statement net outlays by appropriation or fund account. This is a research cross-section of the same department, not another amount to add to MTS classification rows.	current_exact_rows	data/federal/federal-mts-agency-department-of-health-and-human-services.json.sourceBreakdowns[18].rows	none
049	large_leaf	United States	data/federal/federal-mts-agency-department-of-education.json	account cross-check	Department of Education › Treasury account cross-checks › 091-0900-000 › Education for the Disadvantaged, Education	18911824106.1	13	periods_of_availability	https://fiscal.treasury.gov/system/files/files/reports-statements/combined-statement/cs2024/c14.xlsx	Exact Combined Statement net outlays by appropriation or fund account. This is a research cross-section of the same department, not another amount to add to MTS classification rows.	current_exact_rows	data/federal/federal-mts-agency-department-of-education.json.sourceBreakdowns[10].rows	none
050	large_leaf	United States	data/federal/federal-mts-agency-department-of-homeland-security.json	account cross-check	Department of Homeland Security › Treasury account cross-checks › 070-0530-000 › Operations and Support, U.S. Customs and Border Protection, Homeland Security	18850459525.09	18	periods_of_availability	https://fiscal.treasury.gov/system/files/files/reports-statements/combined-statement/cs2024/c18.xlsx	Exact Combined Statement net outlays by appropriation or fund account. This is a research cross-section of the same department, not another amount to add to MTS classification rows.	sourceRows_count_only	none	none
051	large_leaf	United States	data/federal/federal-mts-agency-department-of-energy.json	account cross-check	Department of Energy › Treasury account cross-checks › 089-0240-000 › Weapons Activities, National Nuclear Security Administration, Energy	17954330428.11	13	periods_of_availability	https://fiscal.treasury.gov/system/files/files/reports-statements/combined-statement/cs2024/c15.xlsx	Exact Combined Statement net outlays by appropriation or fund account. This is a research cross-section of the same department, not another amount to add to MTS classification rows.	sourceRows_count_only	none	none
052	large_leaf	United States	data/federal/federal-mts-agency-department-of-health-and-human-services.json	account cross-check	Department of Health and Human Services › Treasury account cross-checks › 075-1552-000 › Temporary Assistance for Needy Families, Administration for Children and Families, Health and Human Services	17640068729.87	42	periods_of_availability	https://fiscal.treasury.gov/system/files/files/reports-statements/combined-statement/cs2024/c16.xlsx	Exact Combined Statement net outlays by appropriation or fund account. This is a research cross-section of the same department, not another amount to add to MTS classification rows.	sourceRows_count_only	none	none
053	large_leaf	United States	data/federal/federal-mts-agency-department-of-defense-military-programs.json	account cross-check	Department of Defense--Military Programs › Treasury account cross-checks › 017-1506-000 › Aircraft Procurement, Navy	17077632515.04	10	periods_of_availability	https://fiscal.treasury.gov/system/files/files/reports-statements/combined-statement/cs2024/c13.xlsx	Exact Combined Statement net outlays by appropriation or fund account. This is a research cross-section of the same department, not another amount to add to MTS classification rows.	current_exact_rows	data/federal/federal-mts-agency-department-of-defense-military-programs.json.sourceBreakdowns[31].rows	none
054	large_leaf	United States	data/federal/federal-mts-agency-department-of-defense-military-programs.json	account cross-check	Department of Defense--Military Programs › Treasury account cross-checks › 057-3010-000 › Aircraft Procurement, Air Force	16882110475.87	10	periods_of_availability	https://fiscal.treasury.gov/system/files/files/reports-statements/combined-statement/cs2024/c13.xlsx	Exact Combined Statement net outlays by appropriation or fund account. This is a research cross-section of the same department, not another amount to add to MTS classification rows.	current_exact_rows	data/federal/federal-mts-agency-department-of-defense-military-programs.json.sourceBreakdowns[32].rows	none
055	large_leaf	United States	data/federal/federal-mts-agency-department-of-defense-military-programs.json	account cross-check	Department of Defense--Military Programs › Treasury account cross-checks › 057-3620-000 › Research, Development, Test, and Evaluation, Space Force, Air Force	16554020166.71	5	periods_of_availability	https://fiscal.treasury.gov/system/files/files/reports-statements/combined-statement/cs2024/c13.xlsx	Exact Combined Statement net outlays by appropriation or fund account. This is a research cross-section of the same department, not another amount to add to MTS classification rows.	current_exact_rows	data/federal/federal-mts-agency-department-of-defense-military-programs.json.sourceBreakdowns[33].rows	none
056	large_leaf	United States	data/federal/federal-mts-agency-department-of-health-and-human-services.json	account cross-check	Department of Health and Human Services › Treasury account cross-checks › 075-1515-000 › Payment to States for the Child Care and Development Block Grant, Administration for Children and Families, Health and Human Services	16298026805.53	22	periods_of_availability	https://fiscal.treasury.gov/system/files/files/reports-statements/combined-statement/cs2024/c16.xlsx	Exact Combined Statement net outlays by appropriation or fund account. This is a research cross-section of the same department, not another amount to add to MTS classification rows.	current_exact_rows	data/federal/federal-mts-agency-department-of-health-and-human-services.json.sourceBreakdowns[20].rows	none
057	large_leaf	United States	data/federal/federal-mts-agency-department-of-education.json	account cross-check	Department of Education › Treasury account cross-checks › 091-0300-000 › Special Education, Education	16273684543.45	14	periods_of_availability	https://fiscal.treasury.gov/system/files/files/reports-statements/combined-statement/cs2024/c14.xlsx	Exact Combined Statement net outlays by appropriation or fund account. This is a research cross-section of the same department, not another amount to add to MTS classification rows.	sourceRows_count_only	none	none
058	large_leaf	United States	data/federal/federal-mts-agency-department-of-housing-and-urban-development.json	account cross-check	Department of Housing and Urban Development › Treasury account cross-checks › 086-0303-000 › Project-Based Rental Assistance, Housing Programs, Housing and Urban Development	15634259761.27	5	periods_of_availability	https://fiscal.treasury.gov/system/files/files/reports-statements/combined-statement/cs2024/c19.xlsx	Exact Combined Statement net outlays by appropriation or fund account. This is a research cross-section of the same department, not another amount to add to MTS classification rows.	sourceRows_count_only	none	none
059	large_leaf	United States	data/federal/federal-mts-agency-department-of-health-and-human-services.json	account cross-check	Department of Health and Human Services › Treasury account cross-checks › 075-1536-000 › Children and Families Services Programs, Administration for Children and Families, Health and Human Services	14804889188	27	periods_of_availability	https://fiscal.treasury.gov/system/files/files/reports-statements/combined-statement/cs2024/c16.xlsx	Exact Combined Statement net outlays by appropriation or fund account. This is a research cross-section of the same department, not another amount to add to MTS classification rows.	sourceRows_count_only	none	none
060	large_leaf	United States	data/federal/federal-mts-agency-department-of-defense-military-programs.json	account cross-check	Department of Defense--Military Programs › Treasury account cross-checks › 017-1105-000 › Military Personnel, Marine Corps	14744759153.99	7	periods_of_availability	https://fiscal.treasury.gov/system/files/files/reports-statements/combined-statement/cs2024/c13.xlsx	Exact Combined Statement net outlays by appropriation or fund account. This is a research cross-section of the same department, not another amount to add to MTS classification rows.	current_exact_rows	data/federal/federal-mts-agency-department-of-defense-military-programs.json.sourceBreakdowns[34].rows	none
061	large_leaf	United States	data/federal/federal-mts-agency-department-of-defense-military-programs.json	account cross-check	Department of Defense--Military Programs › Treasury account cross-checks › 021-2040-000 › Research, Development, Test, and Evaluation, Army	14578823956.13	15	periods_of_availability	https://fiscal.treasury.gov/system/files/files/reports-statements/combined-statement/cs2024/c13.xlsx	Exact Combined Statement net outlays by appropriation or fund account. This is a research cross-section of the same department, not another amount to add to MTS classification rows.	current_exact_rows	data/federal/federal-mts-agency-department-of-defense-military-programs.json.sourceBreakdowns[35].rows	none
062	large_leaf	United States	data/federal/federal-mts-agency-department-of-health-and-human-services.json	account cross-check	Department of Health and Human Services › Treasury account cross-checks › 075-0140-000 › Public Health and Social Services Emergency Fund, Office of the Secretary, Health and Human Services	13957632240.08	23	periods_of_availability	https://fiscal.treasury.gov/system/files/files/reports-statements/combined-statement/cs2024/c16.xlsx	Exact Combined Statement net outlays by appropriation or fund account. This is a research cross-section of the same department, not another amount to add to MTS classification rows.	sourceRows_count_only	none	none
063	large_leaf	United States	data/federal/federal-mts-agency-department-of-education.json	account cross-check	Department of Education › Treasury account cross-checks › 091-0231-000 › Federal Family Education Loan Program Account,  Education	13299696292	2	periods_of_availability	https://fiscal.treasury.gov/system/files/files/reports-statements/combined-statement/cs2024/c14.xlsx	Exact Combined Statement net outlays by appropriation or fund account. This is a research cross-section of the same department, not another amount to add to MTS classification rows.	sourceRows_count_only	none	none
064	large_leaf	United States	data/federal/federal-mts-agency-department-of-labor.json	account cross-check	Department of Labor › Treasury account cross-checks › 016-4204-000 › Pension Benefit Guaranty Corporation Fund, Pension Benefit Guaranty Corporation, Labor	11949689250.03	3	periods_of_availability	https://fiscal.treasury.gov/system/files/files/reports-statements/combined-statement/cs2024/c28.xlsx	Exact Combined Statement net outlays by appropriation or fund account. This is a research cross-section of the same department, not another amount to add to MTS classification rows.	sourceRows_count_only	none	none
065	large_leaf	United States	data/federal/federal-mts-agency-department-of-defense-military-programs.json	account cross-check	Department of Defense--Military Programs › Treasury account cross-checks › 017-1810-000 › Other Procurement, Navy	11856647957.12	9	periods_of_availability	https://fiscal.treasury.gov/system/files/files/reports-statements/combined-statement/cs2024/c13.xlsx	Exact Combined Statement net outlays by appropriation or fund account. This is a research cross-section of the same department, not another amount to add to MTS classification rows.	current_exact_rows	data/federal/federal-mts-agency-department-of-defense-military-programs.json.sourceBreakdowns[36].rows	none
066	large_leaf	United States	data/federal/federal-mts-agency-international-assistance-programs.json	account cross-check	International Assistance Programs › Treasury account cross-checks › 011-1082-000 › Foreign Military Financing Program, Funds Appropriated to the President	11581100363.66	57	periods_of_availability	https://fiscal.treasury.gov/system/files/files/reports-statements/combined-statement/cs2024/c04.xlsx	Exact Combined Statement net outlays by appropriation or fund account. This is a research cross-section of the same department, not another amount to add to MTS classification rows.	sourceRows_count_only	none	none
067	large_leaf	United States	data/federal/federal-mts-agency-department-of-justice.json	account cross-check	Department of Justice › Treasury account cross-checks › 015-0200-000 › Salaries and Expenses, Federal Bureau of Investigation, Justice	11111919870.8	20	periods_of_availability	https://fiscal.treasury.gov/system/files/files/reports-statements/combined-statement/cs2024/c25.xlsx	Exact Combined Statement net outlays by appropriation or fund account. This is a research cross-section of the same department, not another amount to add to MTS classification rows.	sourceRows_count_only	none	none
068	large_leaf	United States	data/federal/federal-mts-agency-department-of-state.json	account cross-check	Department of State › Treasury account cross-checks › 019-1031-000 › Global Health Programs, State	10848212740.67	86	periods_of_availability	https://fiscal.treasury.gov/system/files/files/reports-statements/combined-statement/cs2024/c34.xlsx	Exact Combined Statement net outlays by appropriation or fund account. This is a research cross-section of the same department, not another amount to add to MTS classification rows.	sourceRows_count_only	none	none
069	large_leaf	United States	data/federal/federal-mts-agency-department-of-state.json	account cross-check	Department of State › Treasury account cross-checks › 019-0113-000 › Diplomatic and Consular Programs, State	10401551887.12	18	periods_of_availability	https://fiscal.treasury.gov/system/files/files/reports-statements/combined-statement/cs2024/c34.xlsx	Exact Combined Statement net outlays by appropriation or fund account. This is a research cross-section of the same department, not another amount to add to MTS classification rows.	current_exact_rows	data/federal/federal-mts-agency-department-of-state.json.sourceBreakdowns[3].rows	none
070	large_leaf	United States	data/federal/federal-mts-agency-department-of-veterans-affairs.json	account cross-check	Department of Veterans Affairs › Treasury account cross-checks › 036-0152-000 › Medical Support and Compliance, Veterans Health Administration, Veterans Affairs	10371792080.8	14	periods_of_availability	https://fiscal.treasury.gov/system/files/files/reports-statements/combined-statement/cs2024/c42.xlsx	Exact Combined Statement net outlays by appropriation or fund account. This is a research cross-section of the same department, not another amount to add to MTS classification rows.	sourceRows_count_only	none	none
071	large_leaf	United States	data/federal/federal-mts-agency-department-of-health-and-human-services.json	account cross-check	Department of Health and Human Services › Treasury account cross-checks › 075-1545-000 › Payments for Foster Care and Permanency, Administration for Children and Families, Health and Human Services	10135425395.53	17	periods_of_availability	https://fiscal.treasury.gov/system/files/files/reports-statements/combined-statement/cs2024/c16.xlsx	Exact Combined Statement net outlays by appropriation or fund account. This is a research cross-section of the same department, not another amount to add to MTS classification rows.	sourceRows_count_only	none	none
072	large_leaf	United States	data/federal/federal-mts-agency-department-of-defense-military-programs.json	account cross-check	Department of Defense--Military Programs › Treasury account cross-checks › 017-1106-000 › Operation and Maintenance, Marine Corps	10000926653.87	9	periods_of_availability	https://fiscal.treasury.gov/system/files/files/reports-statements/combined-statement/cs2024/c13.xlsx	Exact Combined Statement net outlays by appropriation or fund account. This is a research cross-section of the same department, not another amount to add to MTS classification rows.	current_exact_rows	data/federal/federal-mts-agency-department-of-defense-military-programs.json.sourceBreakdowns[37].rows	none
073	large_leaf	Virginia	data/state-va/archive-state-source/state-va-dept-of-med-assistance-svcs.json	base row	Official archive › Dept of Med Assistance Svcs › Dept of Med Assistance Svcs › Dept of Med Assistance Svcs · Medicaid Program Services · CONTRACTUAL SERVICES	20825541115.81	4161	source_records	https://www.datapoint.apa.virginia.gov/dashboard.php?Page=Expenditures	official source amount	sourceRows_count_only	none	none
074	large_leaf	Virginia	data/state-va/archive-state-source/state-va-dept-of-med-assistance-svcs.json	base row	Census adjustments › Official archive · Dept of Med Assistance Svcs › Dept of Med Assistance Svcs › Dept of Med Assistance Svcs · Medicaid Program Services · CONTRACTUAL SERVICES	20825541115.81	4161	source_records	https://www.datapoint.apa.virginia.gov/dashboard.php?Page=Expenditures	official source amount	sourceRows_count_only	none	none
075	single_child	Arkansas	data/state-ar/archive-state-source/state-ar-corn-grain-sorghum-prom-bd.json	detail category	Official archive › CORN & GRAIN SORGHUM PROM BD	18947.21	12	source_records	https://www.ark.org/dfa/transparency_2024/expenditures.php?do:expenditures&tab=overview	Official source linked in the active dataset	sourceRows_count_only	none	none
076	single_child	Arkansas	data/state-ar/archive-state-source/state-ar-dept-of-health.json	detail category	Official archive › DEPT OF HEALTH	6981.03	2	source_records	https://www.ark.org/dfa/transparency_2024/expenditures.php?do:expenditures&tab=overview	Official source linked in the active dataset	sourceRows_count_only	none	none
077	single_child	Arkansas	data/state-ar/archive-state-source/state-ar-dept-of-the-military.json	detail category	Official archive › DEPT OF THE MILITARY	6977.49	2	source_records	https://www.ark.org/dfa/transparency_2024/expenditures.php?do:expenditures&tab=overview	Official source linked in the active dataset	sourceRows_count_only	none	none
078	single_child	Arkansas	data/state-ar/archive-state-source/state-ar-ar-bd-of-podiatric-medicine.json	detail category	Official archive › AR BD OF PODIATRIC MEDICINE	3950	2	source_records	https://www.ark.org/dfa/transparency_2024/expenditures.php?do:expenditures&tab=overview	Official source linked in the active dataset	sourceRows_count_only	none	none
079	single_child	Arkansas	data/state-ar/archive-state-source/state-ar-st-bd-acupuncture-rel-tech.json	detail category	Official archive › ST BD ACUPUNCTURE & REL TECH	1498.29	7	source_records	https://www.ark.org/dfa/transparency_2024/expenditures.php?do:expenditures&tab=overview	Official source linked in the active dataset	sourceRows_count_only	none	none
080	single_child	Arkansas	data/state-ar/archive-state-source/state-ar-ar-st-bd-of-athletic-training.json	detail category	Official archive › AR ST BD OF ATHLETIC TRAINING	1149.59	4	source_records	https://www.ark.org/dfa/transparency_2024/expenditures.php?do:expenditures&tab=overview	Official source linked in the active dataset	sourceRows_count_only	none	none
081	single_child	Connecticut	data/state-ct/archive-state-source/state-ct-official-source-summary.json	inline detail category	Official archive › Dept. of Labor Unemploymt Div	577570000	92	source_records	https://data.ct.gov/resource/ajdm-rvz7.json?$select=department,program,sum(amount)%20as%20amount,count(*)%20as%20records&$where=fiscal_year=2024&$group=department,program	department / agency	sourceRows_count_only	none	none
082	single_child	Connecticut	data/state-ct/archive-state-source/state-ct-official-source-summary.json	inline detail category	Official archive › CT STATE COMMUNITY COLLEGE	179434218.12	540	source_records	https://data.ct.gov/resource/ajdm-rvz7.json?$select=department,program,sum(amount)%20as%20amount,count(*)%20as%20records&$where=fiscal_year=2024&$group=department,program	department / agency	sourceRows_count_only	none	none
083	single_child	Connecticut	data/state-ct/archive-state-source/state-ct-official-source-summary.json	inline detail category	Official archive › Probate Court Administration	47582718.39	24304	source_records	https://data.ct.gov/resource/ajdm-rvz7.json?$select=department,program,sum(amount)%20as%20amount,count(*)%20as%20records&$where=fiscal_year=2024&$group=department,program	department / agency	sourceRows_count_only	none	none
084	single_child	Connecticut	data/state-ct/archive-state-source/state-ct-official-source-summary.json	inline detail category	Official archive › CT Port Authority	32827531.46	82	source_records	https://data.ct.gov/resource/ajdm-rvz7.json?$select=department,program,sum(amount)%20as%20amount,count(*)%20as%20records&$where=fiscal_year=2024&$group=department,program	department / agency	sourceRows_count_only	none	none
085	single_child	Connecticut	data/state-ct/archive-state-source/state-ct-official-source-summary.json	inline detail category	Official archive › Renters Rebate	24709747.47	45481	source_records	https://data.ct.gov/resource/ajdm-rvz7.json?$select=department,program,sum(amount)%20as%20amount,count(*)%20as%20records&$where=fiscal_year=2024&$group=department,program	department / agency	sourceRows_count_only	none	none
086	single_child	Georgia	data/state-ga/archive-state-source/state-ga-financing-and-investment-commission-georgia-state-other.json	detail category	Official archive › FINANCING AND INVESTMENT COMMISSION, GEORGIA STATE (OTHER)	1347041986.21	433	source_records	https://www.open.ga.gov/openga/payment/index	Official source linked in the active dataset	sourceRows_count_only	none	none
087	single_child	Georgia	data/state-ga/archive-state-source/state-ga-ports-authority-georgia.json	detail category	Official archive › PORTS AUTHORITY, GEORGIA	260902906.43	43	source_records	https://www.open.ga.gov/openga/payment/index	Official source linked in the active dataset	sourceRows_count_only	none	none
088	single_child	Georgia	data/state-ga/archive-state-source/state-ga-onegeorgia-authority.json	detail category	Official archive › ONEGEORGIA AUTHORITY	220961545.32	31	source_records	https://www.open.ga.gov/openga/payment/index	Official source linked in the active dataset	sourceRows_count_only	none	none
089	single_child	Georgia	data/state-ga/archive-state-source/state-ga-housing-and-finance-authority-georgia.json	detail category	Official archive › HOUSING AND FINANCE AUTHORITY, GEORGIA	80703377.91	217	source_records	https://www.open.ga.gov/openga/payment/index	Official source linked in the active dataset	sourceRows_count_only	none	none
090	single_child	Georgia	data/state-ga/archive-state-source/state-ga-teachers-retirement-system-of-georgia.json	detail category	Official archive › TEACHERS' RETIREMENT SYSTEM OF GEORGIA	49173230.43	284	source_records	https://www.open.ga.gov/openga/payment/index	Official source linked in the active dataset	sourceRows_count_only	none	none
091	single_child	Georgia	data/state-ga/archive-state-source/state-ga-workers-compensation-state-board-of.json	detail category	Official archive › WORKERS' COMPENSATION, STATE BOARD OF	36613061.4	421	source_records	https://www.open.ga.gov/openga/payment/index	Official source linked in the active dataset	sourceRows_count_only	none	none
092	single_child	Georgia	data/state-ga/archive-state-source/state-ga-employees-retirement-system-of-georgia.json	detail category	Official archive › EMPLOYEES' RETIREMENT SYSTEM OF GEORGIA	31196635.79	191	source_records	https://www.open.ga.gov/openga/payment/index	Official source linked in the active dataset	sourceRows_count_only	none	none
093	single_child	Georgia	data/state-ga/archive-state-source/state-ga-superior-court-clerks-cooperative-authority-georgia.json	detail category	Official archive › SUPERIOR COURT CLERKS' COOPERATIVE AUTHORITY, GEORGIA	24143145.23	261	source_records	https://www.open.ga.gov/openga/payment/index	Official source linked in the active dataset	sourceRows_count_only	none	none
094	single_child	Georgia	data/state-ga/archive-state-source/state-ga-stone-mountain-memorial-association.json	detail category	Official archive › STONE MOUNTAIN MEMORIAL ASSOCIATION	17316219.91	618	source_records	https://www.open.ga.gov/openga/payment/index	Official source linked in the active dataset	sourceRows_count_only	none	none
095	single_child	Georgia	data/state-ga/archive-state-source/state-ga-student-finance-commission-georgia.json	detail category	Official archive › STUDENT FINANCE COMMISSION, GEORGIA	11150499.67	141	source_records	https://www.open.ga.gov/openga/payment/index	Official source linked in the active dataset	sourceRows_count_only	none	none
096	single_child	Georgia	data/state-ga/archive-state-source/state-ga-council-of-juvenile-court-judges.json	detail category	Official archive › COUNCIL OF JUVENILE COURT JUDGES	9340909.93	194	source_records	https://www.open.ga.gov/openga/payment/index	Official source linked in the active dataset	sourceRows_count_only	none	none
097	single_child	Georgia	data/state-ga/archive-state-source/state-ga-student-finance-authority-georgia.json	detail category	Official archive › STUDENT FINANCE AUTHORITY, GEORGIA	8941154.24	153	source_records	https://www.open.ga.gov/openga/payment/index	Official source linked in the active dataset	sourceRows_count_only	none	none
098	single_child	Georgia	data/state-ga/archive-state-source/state-ga-georgia-firefighters-pension-fund.json	detail category	Official archive › GEORGIA FIREFIGHTERS' PENSION FUND	6125291.72	112	source_records	https://www.open.ga.gov/openga/payment/index	Official source linked in the active dataset	sourceRows_count_only	none	none
099	single_child	Georgia	data/state-ga/archive-state-source/state-ga-lake-lanier-islands-development-authority.json	detail category	Official archive › LAKE LANIER ISLANDS DEVELOPMENT AUTHORITY	5195551	41	source_records	https://www.open.ga.gov/openga/payment/index	Official source linked in the active dataset	sourceRows_count_only	none	none
100	single_child	Georgia	data/state-ga/archive-state-source/state-ga-foundation-for-public-education-georgia.json	detail category	Official archive › FOUNDATION FOR PUBLIC EDUCATION, GEORGIA	4997725.63	127	source_records	https://www.open.ga.gov/openga/payment/index	Official source linked in the active dataset	sourceRows_count_only	none	none
101	single_child	Georgia	data/state-ga/archive-state-source/state-ga-north-georgia-mountains-authority.json	detail category	Official archive › NORTH GEORGIA MOUNTAINS AUTHORITY	3186169.97	36	source_records	https://www.open.ga.gov/openga/payment/index	Official source linked in the active dataset	sourceRows_count_only	none	none
102	single_child	Georgia	data/state-ga/archive-state-source/state-ga-natural-resources-foundation-incorporated-georgia.json	detail category	Official archive › NATURAL RESOURCES FOUNDATION, INCORPORATED, GEORGIA	2385615.13	62	source_records	https://www.open.ga.gov/openga/payment/index	Official source linked in the active dataset	sourceRows_count_only	none	none
103	single_child	Georgia	data/state-ga/archive-state-source/state-ga-properties-commission-state.json	detail category	Official archive › PROPERTIES COMMISSION, STATE	2177587.33	41	source_records	https://www.open.ga.gov/openga/payment/index	Official source linked in the active dataset	sourceRows_count_only	none	none
104	single_child	Georgia	data/state-ga/archive-state-source/state-ga-aviation-authority-georgia.json	detail category	Official archive › AVIATION AUTHORITY, GEORGIA	1320495.83	65	source_records	https://www.open.ga.gov/openga/payment/index	Official source linked in the active dataset	sourceRows_count_only	none	none
105	single_child	Georgia	data/state-ga/archive-state-source/state-ga-sheriffs-retirement-fund-of-georgia.json	detail category	Official archive › SHERIFFS' RETIREMENT FUND OF GEORGIA	1119142.73	43	source_records	https://www.open.ga.gov/openga/payment/index	Official source linked in the active dataset	sourceRows_count_only	none	none
106	single_child	Georgia	data/state-ga/archive-state-source/state-ga-southwest-georgia-railroad-excursion-authority.json	detail category	Official archive › SOUTHWEST GEORGIA RAILROAD EXCURSION AUTHORITY	833537.27	115	source_records	https://www.open.ga.gov/openga/payment/index	Official source linked in the active dataset	sourceRows_count_only	none	none
107	single_child	Georgia	data/state-ga/archive-state-source/state-ga-commission-on-the-holocaust-georgia.json	detail category	Official archive › COMMISSION ON THE HOLOCAUST, GEORGIA	456636.49	80	source_records	https://www.open.ga.gov/openga/payment/index	Official source linked in the active dataset	sourceRows_count_only	none	none
108	single_child	Georgia	data/state-ga/archive-state-source/state-ga-economic-development-foundation-inc-georgia.json	detail category	Official archive › ECONOMIC DEVELOPMENT FOUNDATION, INC., GEORGIA	313911.5	19	source_records	https://www.open.ga.gov/openga/payment/index	Official source linked in the active dataset	sourceRows_count_only	none	none
109	single_child	Georgia	data/state-ga/archive-state-source/state-ga-tourism-foundation-georgia.json	detail category	Official archive › TOURISM FOUNDATION, GEORGIA	286091.17	13	source_records	https://www.open.ga.gov/openga/payment/index	Official source linked in the active dataset	sourceRows_count_only	none	none
110	single_child	Georgia	data/state-ga/archive-state-source/state-ga-seed-development-commission-georgia.json	detail category	Official archive › SEED DEVELOPMENT COMMISSION, GEORGIA	255718.95	11	source_records	https://www.open.ga.gov/openga/payment/index	Official source linked in the active dataset	sourceRows_count_only	none	none
111	single_child	Georgia	data/state-ga/archive-state-source/state-ga-foundation-for-public-broadcasting-in-georgia.json	detail category	Official archive › FOUNDATION FOR PUBLIC BROADCASTING IN GEORGIA	145531.61	17	source_records	https://www.open.ga.gov/openga/payment/index	Official source linked in the active dataset	sourceRows_count_only	none	none
112	single_child	Iowa	data/state-ia/archive-state-source/state-ia-ag-soybean-promotion.json	detail category	Official archive › AG- Soybean Promotion	31305503.16	13	source_records	https://idh-be.iowa.gov/api/v1/datasets/999/rows.csv	official source amount	sourceRows_count_only	none	none
113	single_child	Iowa	data/state-ia/archive-state-source/state-ia-official-source-summary.json	inline detail category	Official archive › CBC District V	23440024	4	source_records	https://data.iowa.gov/catalog/dataset/999	department / agency	sourceRows_count_only	none	none
114	single_child	Iowa	data/state-ia/archive-state-source/state-ia-official-source-summary.json	inline detail category	Official archive › Regents, Capital Expenditures	17754941.73	14	source_records	https://data.iowa.gov/catalog/dataset/999	department / agency	sourceRows_count_only	none	none
115	single_child	Iowa	data/state-ia/archive-state-source/state-ia-official-source-summary.json	inline detail category	Official archive › CBC Dictrict VI	16755370	4	source_records	https://data.iowa.gov/catalog/dataset/999	department / agency	sourceRows_count_only	none	none
116	single_child	Iowa	data/state-ia/archive-state-source/state-ia-official-source-summary.json	inline detail category	Official archive › CBC District I	16207339	4	source_records	https://data.iowa.gov/catalog/dataset/999	department / agency	sourceRows_count_only	none	none
117	single_child	Iowa	data/state-ia/archive-state-source/state-ia-official-source-summary.json	inline detail category	Official archive › CBC Dictrict II	12789649	4	source_records	https://data.iowa.gov/catalog/dataset/999	department / agency	sourceRows_count_only	none	none
118	single_child	Iowa	data/state-ia/archive-state-source/state-ia-official-source-summary.json	inline detail category	Official archive › CBC District VII	10362851	4	source_records	https://data.iowa.gov/catalog/dataset/999	department / agency	sourceRows_count_only	none	none
119	single_child	Iowa	data/state-ia/archive-state-source/state-ia-official-source-summary.json	inline detail category	Official archive › CBC District VIII	9238778	4	source_records	https://data.iowa.gov/catalog/dataset/999	department / agency	sourceRows_count_only	none	none
120	single_child	Iowa	data/state-ia/archive-state-source/state-ia-official-source-summary.json	inline detail category	Official archive › CBC District III	7710790	4	source_records	https://data.iowa.gov/catalog/dataset/999	department / agency	sourceRows_count_only	none	none
121	single_child	Iowa	data/state-ia/archive-state-source/state-ia-official-source-summary.json	inline detail category	Official archive › CBC District IV	6193805	4	source_records	https://data.iowa.gov/catalog/dataset/999	department / agency	sourceRows_count_only	none	none
122	single_child	Iowa	data/state-ia/archive-state-source/state-ia-official-source-summary.json	inline detail category	Official archive › AG- State Fair Capitals	5220238.42	5	source_records	https://data.iowa.gov/catalog/dataset/999	department / agency	sourceRows_count_only	none	none
123	single_child	Iowa	data/state-ia/archive-state-source/state-ia-ag-cattle-promotion-board.json	detail category	Official archive › AG- Cattle Promotion Board	1749513.45	8	source_records	https://idh-be.iowa.gov/api/v1/datasets/999/rows.csv	official source amount	sourceRows_count_only	none	none
124	single_child	Iowa	data/state-ia/archive-state-source/state-ia-ag-egg-council.json	detail category	Official archive › AG- Egg Council	833802.56	10	source_records	https://idh-be.iowa.gov/api/v1/datasets/999/rows.csv	official source amount	sourceRows_count_only	none	none
125	single_child	Iowa	data/state-ia/archive-state-source/state-ia-ag-turkey-marketing-council.json	detail category	Official archive › AG- Turkey Marketing Council	333466.08	12	source_records	https://idh-be.iowa.gov/api/v1/datasets/999/rows.csv	official source amount	sourceRows_count_only	none	none
126	single_child	Iowa	data/state-ia/archive-state-source/state-ia-official-source-summary.json	inline detail category	Official archive › AG- Loess Hills Soil	140161	4	source_records	https://data.iowa.gov/catalog/dataset/999	department / agency	sourceRows_count_only	none	none
127	single_child	Kansas	data/state-ks/archive-state-source/state-ks-official-source-summary.json	inline detail category	Official archive › Kansas Guardianship Program	1426456	13	source_records	https://kanview.ks.gov/DataDownload.aspx	agency/business unit	sourceRows_count_only	none	none
128	single_child	Kentucky	data/state-ky/archive-state-source/state-ky-cabinet-for-economic-development.json	detail category	Official archive › Cabinet for Economic Development	83062807.72	63	source_records	https://secure2.kentucky.gov/TransparencyWebApi/v1/SpendingAndVendorDetail?dataGroupingView=DepartmentsView&requestYear=2024&branchCode=EXEC&cabinetCode=36&departmentCode=&classCode=&objectCode=&vendorName=&beginDate=&endDate=&maxReturnRows=1&startingIndex=	Official source linked in the active dataset	sourceRows_count_only	none	none
129	single_child	Massachusetts	data/state-ma/archive-state-source/state-ma-official-source-summary.json	inline detail category	Official archive › OFFICE OF THE STATE TREASURER (OST)	3500909.86	4	source_records	https://cthru.data.socrata.com/resource/pegc-naaa.json?$select=department%2Cobject_class%2Csum%28amount%29%20as%20amount%2Ccount%28%2A%29%20as%20source_rows%2Ccount%28distinct%20vendor%29%20as%20vendors%2Ccount%28distinct%20payment_id%29%20as%20payments&$where=budget_fiscal_year%3D2024&$group=department%2Cobject_class&$order=amount%20desc&$limit=50000	department	sourceRows_count_only	none	none
130	single_child	Mississippi	data/state-ms/archive-state-source/state-ms-official-source-summary.json	inline detail category	Official archive › State General Fund	748155014.79	3	source_records	https://boe.magic.ms.gov/Transparency/AfGxfnvZ2z5Iui5E0q5kOso	agency	sourceRows_count_only	none	none
131	single_child	Mississippi	data/state-ms/archive-state-source/state-ms-official-source-summary.json	inline detail category	Official archive › Veterans' Home Purchase	40785648.5	332	source_records	https://boe.magic.ms.gov/Transparency/AfGxfnvZ2z5Iui5E0q5kOso	agency	sourceRows_count_only	none	none
132	single_child	Mississippi	data/state-ms/archive-state-source/state-ms-official-source-summary.json	inline detail category	Official archive › State District Attorneys	29969099.75	91	source_records	https://boe.magic.ms.gov/Transparency/AfGxfnvZ2z5Iui5E0q5kOso	agency	sourceRows_count_only	none	none
133	single_child	Mississippi	data/state-ms/archive-state-source/state-ms-official-source-summary.json	inline detail category	Official archive › Workers Compensation	5395548.89	159	source_records	https://boe.magic.ms.gov/Transparency/AfGxfnvZ2z5Iui5E0q5kOso	agency	sourceRows_count_only	none	none
134	single_child	Mississippi	data/state-ms/archive-state-source/state-ms-official-source-summary.json	inline detail category	Official archive › Public Service Commission	5309530.36	157	source_records	https://boe.magic.ms.gov/Transparency/AfGxfnvZ2z5Iui5E0q5kOso	agency	sourceRows_count_only	none	none
135	single_child	Mississippi	data/state-ms/archive-state-source/state-ms-official-source-summary.json	inline detail category	Official archive › Board of Contractors	4148102.56	178	source_records	https://boe.magic.ms.gov/Transparency/AfGxfnvZ2z5Iui5E0q5kOso	agency	sourceRows_count_only	none	none
136	single_child	Mississippi	data/state-ms/archive-state-source/state-ms-official-source-summary.json	inline detail category	Official archive › Board of Nursing	4102322.95	230	source_records	https://boe.magic.ms.gov/Transparency/AfGxfnvZ2z5Iui5E0q5kOso	agency	sourceRows_count_only	none	none
137	single_child	Mississippi	data/state-ms/archive-state-source/state-ms-official-source-summary.json	inline detail category	Official archive › PEER Committee	3209877.88	76	source_records	https://boe.magic.ms.gov/Transparency/AfGxfnvZ2z5Iui5E0q5kOso	agency	sourceRows_count_only	none	none
138	single_child	Mississippi	data/state-ms/archive-state-source/state-ms-official-source-summary.json	inline detail category	Official archive › Pearl River Valley Water Supp	2300000	3	source_records	https://boe.magic.ms.gov/Transparency/AfGxfnvZ2z5Iui5E0q5kOso	agency	sourceRows_count_only	none	none
139	single_child	Mississippi	data/state-ms/archive-state-source/state-ms-official-source-summary.json	inline detail category	Official archive › MS Public Utilities Staff	2023564.38	42	source_records	https://boe.magic.ms.gov/Transparency/AfGxfnvZ2z5Iui5E0q5kOso	agency	sourceRows_count_only	none	none
140	single_child	Mississippi	data/state-ms/archive-state-source/state-ms-official-source-summary.json	inline detail category	Official archive › Capital Post-Conviction Cnsl	1438509.32	124	source_records	https://boe.magic.ms.gov/Transparency/AfGxfnvZ2z5Iui5E0q5kOso	agency	sourceRows_count_only	none	none
141	single_child	Mississippi	data/state-ms/archive-state-source/state-ms-official-source-summary.json	inline detail category	Official archive › Board of Dental Examiners	1141518.14	137	source_records	https://boe.magic.ms.gov/Transparency/AfGxfnvZ2z5Iui5E0q5kOso	agency	sourceRows_count_only	none	none
142	single_child	Mississippi	data/state-ms/archive-state-source/state-ms-official-source-summary.json	inline detail category	Official archive › Charter School Authorizer Bd	1086640.77	88	source_records	https://boe.magic.ms.gov/Transparency/AfGxfnvZ2z5Iui5E0q5kOso	agency	sourceRows_count_only	none	none
143	single_child	Mississippi	data/state-ms/archive-state-source/state-ms-official-source-summary.json	inline detail category	Official archive › Comm on Judicial Performance	732057.74	74	source_records	https://boe.magic.ms.gov/Transparency/AfGxfnvZ2z5Iui5E0q5kOso	agency	sourceRows_count_only	none	none
144	single_child	Mississippi	data/state-ms/archive-state-source/state-ms-official-source-summary.json	inline detail category	Official archive › Board of Tax Appeals	630341.05	62	source_records	https://boe.magic.ms.gov/Transparency/AfGxfnvZ2z5Iui5E0q5kOso	agency	sourceRows_count_only	none	none
145	single_child	Mississippi	data/state-ms/archive-state-source/state-ms-official-source-summary.json	inline detail category	Official archive › Board of Public Accountancy	569318.62	80	source_records	https://boe.magic.ms.gov/Transparency/AfGxfnvZ2z5Iui5E0q5kOso	agency	sourceRows_count_only	none	none
146	single_child	Mississippi	data/state-ms/archive-state-source/state-ms-official-source-summary.json	inline detail category	Official archive › Board of Reg for Prof Engineer	422354.09	91	source_records	https://boe.magic.ms.gov/Transparency/AfGxfnvZ2z5Iui5E0q5kOso	agency	sourceRows_count_only	none	none
147	single_child	Mississippi	data/state-ms/archive-state-source/state-ms-official-source-summary.json	inline detail category	Official archive › Appraiser Lic and Certif Board	349169.3	93	source_records	https://boe.magic.ms.gov/Transparency/AfGxfnvZ2z5Iui5E0q5kOso	agency	sourceRows_count_only	none	none
148	single_child	Mississippi	data/state-ms/archive-state-source/state-ms-official-source-summary.json	inline detail category	Official archive › Motor Vehicle Commission	344296.64	82	source_records	https://boe.magic.ms.gov/Transparency/AfGxfnvZ2z5Iui5E0q5kOso	agency	sourceRows_count_only	none	none
149	single_child	Mississippi	data/state-ms/archive-state-source/state-ms-official-source-summary.json	inline detail category	Official archive › Board of Architecture	315877.71	93	source_records	https://boe.magic.ms.gov/Transparency/AfGxfnvZ2z5Iui5E0q5kOso	agency	sourceRows_count_only	none	none
150	single_child	Mississippi	data/state-ms/archive-state-source/state-ms-official-source-summary.json	inline detail category	Official archive › Board of Physical Therapy	272440.6	61	source_records	https://boe.magic.ms.gov/Transparency/AfGxfnvZ2z5Iui5E0q5kOso	agency	sourceRows_count_only	none	none
151	single_child	Mississippi	data/state-ms/archive-state-source/state-ms-official-source-summary.json	inline detail category	Official archive › Board of Funeral Service	270979.11	42	source_records	https://boe.magic.ms.gov/Transparency/AfGxfnvZ2z5Iui5E0q5kOso	agency	sourceRows_count_only	none	none
152	single_child	Mississippi	data/state-ms/archive-state-source/state-ms-official-source-summary.json	inline detail category	Official archive › Board of Exam for Soc Workers	220612.9	53	source_records	https://boe.magic.ms.gov/Transparency/AfGxfnvZ2z5Iui5E0q5kOso	agency	sourceRows_count_only	none	none
153	single_child	Mississippi	data/state-ms/archive-state-source/state-ms-official-source-summary.json	inline detail category	Official archive › Board of Optometry	212409.08	42	source_records	https://boe.magic.ms.gov/Transparency/AfGxfnvZ2z5Iui5E0q5kOso	agency	sourceRows_count_only	none	none
154	single_child	Mississippi	data/state-ms/archive-state-source/state-ms-official-source-summary.json	inline detail category	Official archive › Board of Nursing Home Admin	187482.7	56	source_records	https://boe.magic.ms.gov/Transparency/AfGxfnvZ2z5Iui5E0q5kOso	agency	sourceRows_count_only	none	none
155	single_child	Mississippi	data/state-ms/archive-state-source/state-ms-official-source-summary.json	inline detail category	Official archive › Board of Exam for Prof Counsel	187408.59	59	source_records	https://boe.magic.ms.gov/Transparency/AfGxfnvZ2z5Iui5E0q5kOso	agency	sourceRows_count_only	none	none
156	single_child	Mississippi	data/state-ms/archive-state-source/state-ms-official-source-summary.json	inline detail category	Official archive › Board of Massage Therapy	174830.15	42	source_records	https://boe.magic.ms.gov/Transparency/AfGxfnvZ2z5Iui5E0q5kOso	agency	sourceRows_count_only	none	none
157	single_child	Mississippi	data/state-ms/archive-state-source/state-ms-official-source-summary.json	inline detail category	Official archive › Board of Psychology	143011.4	45	source_records	https://boe.magic.ms.gov/Transparency/AfGxfnvZ2z5Iui5E0q5kOso	agency	sourceRows_count_only	none	none
158	single_child	Mississippi	data/state-ms/archive-state-source/state-ms-official-source-summary.json	inline detail category	Official archive › Board of Reg Prof Geologists	123679.83	33	source_records	https://boe.magic.ms.gov/Transparency/AfGxfnvZ2z5Iui5E0q5kOso	agency	sourceRows_count_only	none	none
159	single_child	Mississippi	data/state-ms/archive-state-source/state-ms-official-source-summary.json	inline detail category	Official archive › Athletic Commission	118027.62	27	source_records	https://boe.magic.ms.gov/Transparency/AfGxfnvZ2z5Iui5E0q5kOso	agency	sourceRows_count_only	none	none
160	single_child	Mississippi	data/state-ms/archive-state-source/state-ms-official-source-summary.json	inline detail category	Official archive › Board of Chiropractic Examiner	95202.96	24	source_records	https://boe.magic.ms.gov/Transparency/AfGxfnvZ2z5Iui5E0q5kOso	agency	sourceRows_count_only	none	none
161	single_child	Mississippi	data/state-ms/archive-state-source/state-ms-official-source-summary.json	inline detail category	Official archive › Auctioneer Commission	77821.04	26	source_records	https://boe.magic.ms.gov/Transparency/AfGxfnvZ2z5Iui5E0q5kOso	agency	sourceRows_count_only	none	none
162	single_child	Mississippi	data/state-ms/archive-state-source/state-ms-official-source-summary.json	inline detail category	Official archive › Board of Veterinary Medicine	65368.61	19	source_records	https://boe.magic.ms.gov/Transparency/AfGxfnvZ2z5Iui5E0q5kOso	agency	sourceRows_count_only	none	none
163	single_child	Mississippi	data/state-ms/archive-state-source/state-ms-official-source-summary.json	inline detail category	Official archive › Board of Registr for Foresters	42223.49	21	source_records	https://boe.magic.ms.gov/Transparency/AfGxfnvZ2z5Iui5E0q5kOso	agency	sourceRows_count_only	none	none
164	single_child	Mississippi	data/state-ms/archive-state-source/state-ms-official-source-summary.json	inline detail category	Official archive › MS Port Authority at Gulfport	26523.7	2	source_records	https://boe.magic.ms.gov/Transparency/AfGxfnvZ2z5Iui5E0q5kOso	agency	sourceRows_count_only	none	none
165	single_child	Nebraska	data/state-ne/archive-state-source/state-ne-official-source-summary.json	inline detail category	Official archive › HHS SYSTEM - SERVICES	202886331.36	129554	source_records	https://statespending.nebraska.gov/FiscalYearExpenditures	department / agency	sourceRows_count_only	none	none
166	single_child	Nebraska	data/state-ne/archive-state-source/state-ne-official-source-summary.json	inline detail category	Official archive › DEPT OF ADM SERVICES	33111083.98	20584	source_records	https://statespending.nebraska.gov/FiscalYearExpenditures	department / agency	sourceRows_count_only	none	none
167	single_child	Nebraska	data/state-ne/archive-state-source/state-ne-official-source-summary.json	inline detail category	Official archive › ENVIRONMENTAL QUALITY	10697139.97	6471	source_records	https://statespending.nebraska.gov/FiscalYearExpenditures	department / agency	sourceRows_count_only	none	none
168	single_child	Nebraska	data/state-ne/archive-state-source/state-ne-official-source-summary.json	inline detail category	Official archive › STATE RACING COMMISSION	1220900.31	742	source_records	https://statespending.nebraska.gov/FiscalYearExpenditures	department / agency	sourceRows_count_only	none	none
169	single_child	Nebraska	data/state-ne/archive-state-source/state-ne-official-source-summary.json	inline detail category	Official archive › TOURISM	528343.1	485	source_records	https://statespending.nebraska.gov/FiscalYearExpenditures	department / agency	sourceRows_count_only	none	none
170	single_child	Nebraska	data/state-ne/archive-state-source/state-ne-official-source-summary.json	inline detail category	Official archive › ST BD OF EXAM ENG & ARCH	306610.1	267	source_records	https://statespending.nebraska.gov/FiscalYearExpenditures	department / agency	sourceRows_count_only	none	none
171	single_child	Nebraska	data/state-ne/archive-state-source/state-ne-official-source-summary.json	inline detail category	Official archive › REAL ESTATE APPRAISER BD	151071.37	149	source_records	https://statespending.nebraska.gov/FiscalYearExpenditures	department / agency	sourceRows_count_only	none	none
172	single_child	Nebraska	data/state-ne/archive-state-source/state-ne-official-source-summary.json	inline detail category	Official archive › MEXICAN/AMERICAN COMM	118484.73	94	source_records	https://statespending.nebraska.gov/FiscalYearExpenditures	department / agency	sourceRows_count_only	none	none
173	single_child	Nebraska	data/state-ne/archive-state-source/state-ne-official-source-summary.json	inline detail category	Official archive › COMM ON INDIAN AFFAIRS	118438.74	71	source_records	https://statespending.nebraska.gov/FiscalYearExpenditures	department / agency	sourceRows_count_only	none	none
174	single_child	Nebraska	data/state-ne/archive-state-source/state-ne-official-source-summary.json	inline detail category	Official archive › RAILWAY COUNCIL	36057.71	55	source_records	https://statespending.nebraska.gov/FiscalYearExpenditures	department / agency	sourceRows_count_only	none	none
175	single_child	Nebraska	data/state-ne/archive-state-source/state-ne-official-source-summary.json	inline detail category	Official archive › Receiver not reported (privacy-safe aggregate)	229.8	3	source_records	https://statespending.nebraska.gov/FiscalYearExpenditures	department / agency	sourceRows_count_only	none	none
176	single_child	New Jersey	data/state-nj/archive-state-source/state-nj-new-jersey-transit-corporation.json	detail category	Official archive › NEW JERSEY TRANSIT CORPORATION	729054010.23	5	source_records	https://data.nj.gov/Government-Finance/YourMoney-Agency-Expenditures/apet-rp2i	Official FY2024 Agency Expenditures dataset; pie amount uses expended, with obligations retained as a separate row measure.	sourceRows_count_only	none	none
177	single_child	New Jersey	data/state-nj/archive-state-source/state-nj-palisades-interstate.json	detail category	Official archive › PALISADES INTERSTATE	6728000	3	source_records	https://data.nj.gov/Government-Finance/YourMoney-Agency-Expenditures/apet-rp2i	Official FY2024 Agency Expenditures dataset; pie amount uses expended, with obligations retained as a separate row measure.	sourceRows_count_only	none	none
178	single_child	North Dakota	data/state-nd/archive-state-source/state-nd-official-source-summary.json	inline detail category	Official archive › ND Stockmen's Association	2243494.33	34	source_records	https://www.omb.nd.gov/financial-transparency/dashboards/mass-download	department / agency	sourceRows_count_only	none	none
179	single_child	North Dakota	data/state-nd/archive-state-source/state-nd-official-source-summary.json	inline detail category	Official archive › Housing Finance Agency	1151248.06	8	source_records	https://www.omb.nd.gov/financial-transparency/dashboards/mass-download	department / agency	sourceRows_count_only	none	none
180	single_child	North Dakota	data/state-nd/archive-state-source/state-nd-official-source-summary.json	inline detail category	Official archive › Dairy Promotions Commission	295498	12	source_records	https://www.omb.nd.gov/financial-transparency/dashboards/mass-download	department / agency	sourceRows_count_only	none	none
181	single_child	Ohio	data/state-oh/archive-state-source/state-oh-official-source-summary.json	inline detail category	Official archive › Employee Benefits Funds	2153317589.92	9	source_records	https://checkbook.ohio.gov/State/Expenses/Agency.aspx	agency	sourceRows_count_only	none	none
182	single_child	Ohio	data/state-oh/archive-state-source/state-oh-official-source-summary.json	inline detail category	Official archive › Commissioners of the Sinking Fund	1138776661.59	9	source_records	https://checkbook.ohio.gov/State/Expenses/Agency.aspx	agency	sourceRows_count_only	none	none
183	single_child	Ohio	data/state-oh/archive-state-source/state-oh-official-source-summary.json	inline detail category	Official archive › Lottery Commission	441504178.59	2	source_records	https://checkbook.ohio.gov/State/Expenses/Agency.aspx	agency	sourceRows_count_only	none	none
184	single_child	Ohio	data/state-oh/archive-state-source/state-oh-official-source-summary.json	inline detail category	Official archive › Casino Control Commission	16368367.76	3	source_records	https://checkbook.ohio.gov/State/Expenses/Agency.aspx	agency	sourceRows_count_only	none	none
185	single_child	Ohio	data/state-oh/archive-state-source/state-oh-official-source-summary.json	inline detail category	Official archive › Board of Nursing	11987301.66	2	source_records	https://checkbook.ohio.gov/State/Expenses/Agency.aspx	agency	sourceRows_count_only	none	none
186	single_child	Ohio	data/state-oh/archive-state-source/state-oh-official-source-summary.json	inline detail category	Official archive › Accountancy Board of Ohio	1667150.01	2	source_records	https://checkbook.ohio.gov/State/Expenses/Agency.aspx	agency	sourceRows_count_only	none	none
187	single_child	Ohio	data/state-oh/archive-state-source/state-oh-official-source-summary.json	inline detail category	Official archive › Air Quality Development Authority	1187451.41	3	source_records	https://checkbook.ohio.gov/State/Expenses/Agency.aspx	agency	sourceRows_count_only	none	none
188	single_child	Ohio	data/state-oh/archive-state-source/state-oh-official-source-summary.json	inline detail category	Official archive › Veterinary Medical Licensing Board	497822.61	2	source_records	https://checkbook.ohio.gov/State/Expenses/Agency.aspx	agency	sourceRows_count_only	none	none
189	single_child	Pennsylvania	data/state-pa/archive-state-source/state-pa-official-source-summary.json	inline detail category	Official archive › Oth Op Exp	1126984.62	4	source_records	https://www.patreasury.gov/openbookpa/checkbook.php	description	sourceRows_count_only	none	none
190	single_child	Pennsylvania	data/state-pa/archive-state-source/state-pa-official-source-summary.json	inline detail category	Official archive › Hrdwre Network	535683.61	9	source_records	https://www.patreasury.gov/openbookpa/checkbook.php	description	sourceRows_count_only	none	none
191	single_child	Pennsylvania	data/state-pa/archive-state-source/state-pa-official-source-summary.json	inline detail category	Official archive › Envelopes	48092.16	9	source_records	https://www.patreasury.gov/openbookpa/checkbook.php	description	sourceRows_count_only	none	none
192	single_child	Pennsylvania	data/state-pa/archive-state-source/state-pa-official-source-summary.json	inline detail category	Official archive › Celluar Phones	26968.62	14	source_records	https://www.patreasury.gov/openbookpa/checkbook.php	description	sourceRows_count_only	none	none
193	single_child	Pennsylvania	data/state-pa/archive-state-source/state-pa-official-source-summary.json	inline detail category	Official archive › Software Lic Maint	25677.5	2	source_records	https://www.patreasury.gov/openbookpa/checkbook.php	description	sourceRows_count_only	none	none
194	single_child	Pennsylvania	data/state-pa/archive-state-source/state-pa-official-source-summary.json	inline detail category	Official archive › Telecommunications E	16240.4	4	source_records	https://www.patreasury.gov/openbookpa/checkbook.php	description	sourceRows_count_only	none	none
195	single_child	Pennsylvania	data/state-pa/archive-state-source/state-pa-official-source-summary.json	inline detail category	Official archive › Travel-Lodging	12361.5	11	source_records	https://www.patreasury.gov/openbookpa/checkbook.php	description	sourceRows_count_only	none	none
196	single_child	Pennsylvania	data/state-pa/archive-state-source/state-pa-official-source-summary.json	inline detail category	Official archive › Insur/Sur/Fid Bonds	12195	2	source_records	https://www.patreasury.gov/openbookpa/checkbook.php	description	sourceRows_count_only	none	none
197	single_child	Pennsylvania	data/state-pa/archive-state-source/state-pa-official-source-summary.json	inline detail category	Official archive › Sftwre Lic Proc NRec	5514.92	2	source_records	https://www.patreasury.gov/openbookpa/checkbook.php	description	sourceRows_count_only	none	none
198	single_child	Pennsylvania	data/state-pa/archive-state-source/state-pa-official-source-summary.json	inline detail category	Official archive › Travel-Transportation	844.58	3	source_records	https://www.patreasury.gov/openbookpa/checkbook.php	description	sourceRows_count_only	none	none
199	single_child	Pennsylvania	data/state-pa/archive-state-source/state-pa-official-source-summary.json	inline detail category	Official archive › Other Heating Fuel	386.38	2	source_records	https://www.patreasury.gov/openbookpa/checkbook.php	description	sourceRows_count_only	none	none
200	single_child	Pennsylvania	data/state-pa/archive-state-source/state-pa-official-source-summary.json	inline detail category	Official archive › Consultant Services	6.09	3	source_records	https://www.patreasury.gov/openbookpa/checkbook.php	description	sourceRows_count_only	none	none
201	single_child	South Carolina	data/state-sc/archive-state-source/state-sc-official-source-summary.json	inline detail category	Official archive › H510 · MEDICAL UNIV OF S C	1670521.98	4	source_records	https://cg.sc.gov/fiscal-transparency/monthly-state-spending-transparency-files	agency	sourceRows_count_only	none	none
202	single_child	Virginia	data/state-va/archive-state-source/state-va-official-source-summary.json	inline detail category	Official archive › Treasury Board WBU	1003521614.84	9	source_records	https://www.datapoint.apa.virginia.gov/dashboard.php?Page=Expenditures	department / agency	sourceRows_count_only	none	none
203	single_child	Virginia	data/state-va/archive-state-source/state-va-official-source-summary.json	inline detail category	Official archive › VDOT Transfer Payments	929986389.5	56	source_records	https://www.datapoint.apa.virginia.gov/dashboard.php?Page=Expenditures	department / agency	sourceRows_count_only	none	none
204	single_child	Virginia	data/state-va/archive-state-source/state-va-official-source-summary.json	inline detail category	Official archive › DOA Transfer Pmts Treasury	800932640.07	92	source_records	https://www.datapoint.apa.virginia.gov/dashboard.php?Page=Expenditures	department / agency	sourceRows_count_only	none	none
205	single_child	Virginia	data/state-va/archive-state-source/state-va-official-source-summary.json	inline detail category	Official archive › DMAS Wire Business Unit	775375993.93	67	source_records	https://www.datapoint.apa.virginia.gov/dashboard.php?Page=Expenditures	department / agency	sourceRows_count_only	none	none
206	single_child	Virginia	data/state-va/archive-state-source/state-va-official-source-summary.json	inline detail category	Official archive › VEC UI Benefits	267117529.9	2480	source_records	https://www.datapoint.apa.virginia.gov/dashboard.php?Page=Expenditures	department / agency	sourceRows_count_only	none	none
207	single_child	Virginia	data/state-va/archive-state-source/state-va-official-source-summary.json	inline detail category	Official archive › VA Passenger Rail Authority	186574279.52	22	source_records	https://www.datapoint.apa.virginia.gov/dashboard.php?Page=Expenditures	department / agency	sourceRows_count_only	none	none
208	single_child	Virginia	data/state-va/archive-state-source/state-va-official-source-summary.json	inline detail category	Official archive › VDH Treasury Disbursement	94732489.77	250	source_records	https://www.datapoint.apa.virginia.gov/dashboard.php?Page=Expenditures	department / agency	sourceRows_count_only	none	none
209	single_child	Virginia	data/state-va/archive-state-source/state-va-official-source-summary.json	inline detail category	Official archive › DBHDS-GRANTS-TO-LOCALITIES-W2G	2499339	2	source_records	https://www.datapoint.apa.virginia.gov/dashboard.php?Page=Expenditures	department / agency	sourceRows_count_only	none	none
210	single_child	Virginia	data/state-va/archive-state-source/state-va-official-source-summary.json	inline detail category	Official archive › Interstate Org Contributions	190939	3	source_records	https://www.datapoint.apa.virginia.gov/dashboard.php?Page=Expenditures	department / agency	sourceRows_count_only	none	none
211	single_child	Virginia	data/state-va/archive-state-source/state-va-official-source-summary.json	inline detail category	Official archive › JY Commemorations	30808.56	22	source_records	https://www.datapoint.apa.virginia.gov/dashboard.php?Page=Expenditures	department / agency	sourceRows_count_only	none	none
212	single_child	Virginia	data/state-va/archive-state-source/state-va-citizens-council-exec-mansion.json	detail category	Official archive › Citizens' Council Exec Mansion	23091.25	7	source_records	https://www.datapoint.apa.virginia.gov/dashboard.php?Page=Expenditures	official source amount	sourceRows_count_only	none	none
213	single_child	Virginia	data/state-va/archive-state-source/state-va-official-source-summary.json	inline detail category	Official archive › VEC TFA Trade Benefits	4949.38	6	source_records	https://www.datapoint.apa.virginia.gov/dashboard.php?Page=Expenditures	department / agency	sourceRows_count_only	none	none
214	single_child	Virginia	data/state-va/archive-state-source/state-va-official-source-summary.json	inline detail category	Official archive › DEQ Petty Cash	4524.07	27	source_records	https://www.datapoint.apa.virginia.gov/dashboard.php?Page=Expenditures	department / agency	sourceRows_count_only	none	none
215	single_child	Virginia	data/state-va/archive-state-source/state-va-official-source-summary.json	inline detail category	Official archive › Comm on Elec Util Regulation	1593.54	5	source_records	https://www.datapoint.apa.virginia.gov/dashboard.php?Page=Expenditures	department / agency	sourceRows_count_only	none	none
216	single_child	Virginia	data/state-va/archive-state-source/state-va-official-source-summary.json	inline detail category	Official archive › Comm VA Beach Mass Shooting	1093.45	3	source_records	https://www.datapoint.apa.virginia.gov/dashboard.php?Page=Expenditures	department / agency	sourceRows_count_only	none	none
217	single_child	Virginia	data/state-va/archive-state-source/state-va-official-source-summary.json	inline detail category	Official archive › MNH Petty Cash	78.45	5	source_records	https://www.datapoint.apa.virginia.gov/dashboard.php?Page=Expenditures	department / agency	sourceRows_count_only	none	none
218	single_child	Washington	data/state-wa/archive-state-source/state-wa-sundry-claims.json	detail category	Official archive › Sundry Claims	464499	16	source_records	https://fiscal.wa.gov/Spending/VendorPayments2325.xlsx	FY2024 cash/checkbook vendor-payment rows grouped by agency, object, category, subobject, and subcategory.	sourceRows_count_only	none	none
219	single_child	Wyoming	data/state-wy/archive-state-source/state-wy-county-prosecuting-attorneys.json	detail category	Official archive › County-Prosecuting Attorneys	3123443.52	21	source_records	https://www.wyopen.gov/search	Official source linked in the active dataset	sourceRows_count_only	none	none
220	single_child	Wyoming	data/state-wy/archive-state-source/state-wy-enhanced-oil-recovery-commission.json	detail category	Official archive › Enhanced Oil Recovery Commission	525036	2	source_records	https://www.wyopen.gov/search	Official source linked in the active dataset	sourceRows_count_only	none	none
221	single_child	Wyoming	data/state-wy/archive-state-source/state-wy-board-of-podiatry.json	detail category	Official archive › Board of Podiatry	465	2	source_records	https://www.wyopen.gov/search	Official source linked in the active dataset	sourceRows_count_only	none	none
222	single_child	Wyoming	data/state-wy/archive-state-source/state-wy-board-of-occupational-therapy.json	detail category	Official archive › Board of Occupational Therapy	390.38	2	source_records	https://www.wyopen.gov/search	Official source linked in the active dataset	sourceRows_count_only	none	none
